{
  "makespan": 59101.46921075464,
  "num_tours": 363,
  "num_orders_completed": 363,
  "avg_tour_makespan": 1060.6316400622848,
  "avg_batch_size": 1.0,
  "orders_per_hour": 21.352941176470587,
  "tours_per_hour": 21.352941176470587,
  "distance_by_picker": {
    "0": 7599600.0,
    "1": 7719200.0,
    "2": 6819600.0,
    "3": 7286000.0,
    "4": 7032800.0,
    "5": 7080800.0,
    "6": 6601200.0,
    "7": 7533600.0,
    "8": 6909600.0,
    "9": 6764800.0,
    "10": 7406400.0,
    "11": 7485200.0,
    "12": 5274800.0,
    "13": 4726400.0,
    "14": 5502000.0,
    "15": 4866400.0,
    "16": 5257600.0,
    "17": 5388400.0,
    "18": 4939200.0,
    "19": 3928000.0,
    "20": 4563600.0,
    "21": 5038800.0,
    "22": 4195200.0,
    "23": 4914400.0
  },
  "idle_time_by_picker": {
    "16": 18577.241977449296,
    "4": 14315.68603642565,
    "0": 14753.892454465455,
    "7": 14716.251517778452,
    "5": 14817.608846486237,
    "3": 14348.623590631996,
    "18": 18753.31656548051,
    "12": 17829.183868169242,
    "2": 14541.140503034454,
    "9": 14460.642671291269,
    "15": 18680.14830875894,
    "22": 18733.953165654206,
    "1": 13115.76582827279,
    "8": 15148.11188204564,
    "20": 18194.19601040682,
    "11": 13255.240242843542,
    "19": 19733.086730268256,
    "10": 14970.673894187872,
    "13": 18132.859496963727,
    "17": 16664.66001734514,
    "23": 19457.33304423162,
    "21": 18871.38681699816,
    "14": 17369.257588897504,
    "6": 14255.849956633923
  },
  "total_distance": 144833600.0,
  "total_delayed": 1,
  "dock_utilization": {
    "25525.679965307907": 1,
    "25876.328707719076": 2,
    "25929.488291413825": 3,
    "26084.207285342633": 4,
    "26122.207285342633": 5,
    "26165.281873373962": 6,
    "26179.207285342633": 7,
    "26198.207285342633": 8,
    "26217.207285342633": 10,
    "26236.207285342633": 11,
    "26312.207285342633": 12,
    "26378.469210754673": 13,
    "26397.469210754673": 14,
    "26407.207285342633": 15,
    "26530.469210754673": 16,
    "26568.469210754673": 17,
    "26583.281873373962": 18,
    "26621.281873373966": 19,
    "26682.469210754673": 20,
    "26754.638334779": 21,
    "26815.469210754673": 22,
    "26853.469210754673": 23,
    "26967.469210754673": 24,
    "26986.469210754673": 25,
    "27022.348655681002": 25,
    "27074.88725065054": 26,
    "27125.489158716595": 27,
    "27205.676496097305": 28,
    "27440.695576756458": 29,
    "27505.836079792054": 30,
    "27534.107545533672": 31,
    "27651.938421509345": 32,
    "27676.836079792054": 33,
    "27680.676496097305": 34,
    "27686.098005204094": 35,
    "27809.4891587166": 36,
    "27828.836079792054": 37,
    "27880.414570685265": 38,
    "27908.676496097305": 39,
    "27917.938421509345": 40,
    "27943.957502168498": 41,
    "27975.414570685265": 42,
    "27984.676496097305": 43,
    "28042.79791847375": 44,
    "28046.751084128635": 45,
    "28193.676496097305": 46,
    "28196.356461405212": 47,
    "28218.696444059227": 48,
    "28334.164787511127": 49,
    "28419.555941023635": 50,
    "28555.145706851978": 51,
    "28590.90286209909": 52,
    "28722.314830876305": 53,
    "28798.305290546727": 54,
    "28807.567215958767": 37,
    "28809.164787511134": 38,
    "28811.844752819037": 39,
    "28876.0251517783": 40,
    "28915.676496097305": 41,
    "28921.567215958767": 42,
    "28943.938421509345": 43,
    "28954.145706851978": 44,
    "29030.145706851978": 45,
    "29092.69644405923": 46,
    "29122.42671292317": 47,
    "29144.621856027898": 48,
    "29172.883781439938": 49,
    "29220.621856027898": 50,
    "29225.220294883307": 51,
    "29235.305290546727": 52,
    "29307.00520381638": 53,
    "29550.900260191214": 54,
    "29588.08412836107": 55,
    "29607.287077190344": 56,
    "29674.372072853766": 57,
    "29733.145706851978": 58,
    "29816.763226366267": 59,
    "29824.903729401864": 60,
    "29866.61491760665": 61,
    "29880.733738075032": 62,
    "29896.934084996148": 63,
    "30094.145706851978": 64,
    "30119.522116218937": 65,
    "30185.332176930206": 66,
    "30235.232437120932": 67,
    "30262.895923677843": 68,
    "30272.6339982658": 69,
    "30309.03642671344": 70,
    "30332.31396357371": 71,
    "30332.82914137053": 72,
    "30339.372072853763": 73,
    "30370.82914137053": 74,
    "30457.212489159014": 75,
    "30503.35299219461": 76,
    "30524.6374674766": 77,
    "30586.494362532976": 78,
    "30670.03642671344": 62,
    "30698.7745013014": 63,
    "30709.111014744496": 64,
    "30709.20641804029": 65,
    "30750.35299219461": 66,
    "30927.24371205607": 67,
    "30991.529054640636": 68,
    "31014.716392021346": 69,
    "31033.23243712094": 70,
    "31050.539462272838": 71,
    "31100.70598438904": 72,
    "31179.036426713163": 73,
    "31185.103209020475": 74,
    "31273.560277537243": 75,
    "31280.701647875605": 76,
    "31312.036426713163": 77,
    "31436.40329575082": 78,
    "31573.24371205607": 79,
    "31574.841283608435": 80,
    "31586.35299219461": 81,
    "31624.783174328382": 82,
    "31726.31830008713": 83,
    "31755.70164787561": 84,
    "31786.560277537243": 85,
    "31801.24371205607": 86,
    "31901.681699913686": 87,
    "31953.712922810744": 88,
    "32002.10320902047": 89,
    "32041.91326973167": 90,
    "32103.73633998327": 91,
    "32140.106678231274": 92,
    "32167.505637467835": 93,
    "32286.67562879496": 94,
    "32339.610581093453": 95,
    "32430.310494363108": 94,
    "32449.439722463572": 95,
    "32468.908933218238": 96,
    "32490.029488291915": 97,
    "32552.00867302751": 98,
    "32699.505637467835": 99,
    "32763.18560277602": 100,
    "36334.78057241977": 87,
    "36618.20728534261": 88,
    "36694.20728534261": 89,
    "36779.46921075464": 90,
    "36808.20728534261": 91,
    "36922.20728534261": 92,
    "36960.20728534261": 93,
    "36979.20728534261": 94,
    "36988.46921075464": 95,
    "37121.46921075464": 96,
    "37330.46921075464": 97,
    "37463.46921075464": 98,
    "37482.46921075464": 99,
    "38362.328707719054": 77,
    "38411.18820468346": 78,
    "38532.20728534261": 79,
    "38636.46921075464": 80,
    "38741.20728534261": 81,
    "38822.62879444938": 82,
    "38836.20728534261": 83,
    "38845.46921075464": 84,
    "38988.20728534261": 86,
    "39026.20728534261": 87,
    "39035.46921075464": 89,
    "39064.20728534261": 90,
    "39083.20728534261": 91,
    "39102.20728534261": 92,
    "39206.46921075464": 94,
    "39216.20728534261": 95,
    "39240.281873373926": 96,
    "39510.46921075464": 97,
    "39605.46921075464": 95,
    "39852.46921075464": 96,
    "40294.20728534261": 97,
    "40541.20728534261": 98,
    "40935.93842150929": 99,
    "40987.46921075464": 100,
    "42398.20728534261": 82,
    "42417.20728534261": 83,
    "42455.20728534261": 86,
    "42512.20728534261": 87,
    "42597.46921075464": 89,
    "42654.46921075464": 90,
    "42759.20728534261": 91,
    "42797.20728534261": 92,
    "43091.46921075464": 93,
    "43167.46921075464": 94,
    "43196.20728534261": 95,
    "43224.46921075464": 71,
    "43414.46921075464": 72,
    "43528.46921075464": 73,
    "43756.46921075464": 74,
    "44008.20728534261": 75,
    "44065.20728534261": 76,
    "44093.01734605388": 77,
    "44103.20728534261": 78,
    "44141.20728534261": 79,
    "44340.46921075464": 80,
    "44435.46921075464": 81,
    "44483.20728534261": 82,
    "44540.20728534261": 83,
    "44578.20728534261": 84,
    "44711.20728534261": 85,
    "44768.20728534261": 86,
    "45024.46921075464": 58,
    "45100.46921075464": 59,
    "45119.46921075464": 60,
    "45172.67649609725": 61,
    "45186.20728534261": 62,
    "45195.46921075464": 63,
    "45196.414570685214": 64,
    "45210.67649609725": 65,
    "45215.414570685214": 66,
    "45276.93842150929": 67,
    "45281.67649609725": 68,
    "45309.46921075464": 69,
    "45331.14917606253": 70,
    "45371.93842150929": 71,
    "45480.46921075464": 72,
    "45841.46921075464": 73,
    "45841.48655680852": 74,