{
  "makespan": 59197.21942758039,
  "num_tours": 363,
  "num_orders_completed": 363,
  "avg_tour_makespan": 1125.2812903936094,
  "avg_batch_size": 1.0,
  "orders_per_hour": 21.352941176470587,
  "tours_per_hour": 21.352941176470587,
  "distance_by_picker": {
    "0": 10973600.0,
    "1": 9728400.0,
    "2": 10054000.0,
    "3": 9767600.0,
    "4": 10025200.0,
    "5": 10015600.0,
    "6": 9032400.0,
    "7": 8306000.0,
    "8": 9798400.0,
    "9": 9784400.0,
    "10": 8672800.0,
    "11": 9510800.0,
    "12": 9558400.0,
    "13": 7074800.0,
    "14": 7012400.0,
    "15": 6698000.0,
    "16": 7256000.0,
    "17": 6446400.0,
    "18": 6319600.0,
    "19": 7113600.0,
    "20": 6494400.0,
    "21": 7214800.0,
    "22": 5527200.0,
    "23": 6565600.0
  },
  "idle_time_by_picker": {
    "16": 15546.875975713963,
    "4": 14614.777970509502,
    "0": 12156.359930613395,
    "7": 13336.474414569057,
    "5": 13357.17172593026,
    "3": 13368.329575019707,
    "18": 19082.39635732731,
    "12": 14162.049436251182,
    "9": 14741.670424976317,
    "2": 12946.941023414984,
    "15": 16280.481352990937,
    "22": 18689.184735471565,
    "20": 18858.757155245683,
    "1": 14431.71639201889,
    "8": 14838.360797916426,
    "11": 13859.562012140283,
    "19": 16992.989592366197,
    "10": 13424.397224629593,
    "13": 17257.77536860222,
    "17": 17755.692107544204,
    "23": 17808.26279271332,
    "21": 18003.124024283024,
    "14": 16998.738074586538,
    "6": 13729.022549868128
  },
  "total_distance": 198950400.0,
  "total_delayed": 1,
  "dock_utilization": {
    "25525.679965307907": 1,
    "25940.509106678368": 2,
    "25944.75281873388": 3,
    "26119.593235039105": 4,
    "26159.67476149184": 5,
    "26210.034692107747": 6,
    "26211.81786643546": 7,
    "26235.67476149184": 8,
    "26253.287077190016": 9,
    "26255.36860364275": 10,
    "26270.205550737282": 11,
    "26349.67476149184": 12,
    "26446.06244579366": 13,
    "26458.26105810947": 14,
    "26503.627059844097": 15,
    "26636.627059844097": 16,
    "26670.46400693863": 17,
    "26671.052905464243": 18,
    "26724.317432784293": 19,
    "26783.076322636807": 20,
    "26822.23156981799": 21,
    "26913.300954033162": 22,
    "26962.402428447742": 23,
    "27074.320901995008": 23,
    "27087.076322636807": 24,
    "27089.651344319398": 25,
    "27115.13009540339": 26,
    "27206.321769297763": 27,
    "27317.38508239402": 28,
    "27494.81526452754": 29,
    "27573.94709453622": 30,
    "27658.82827406799": 31,
    "27788.62532523887": 32,
    "27816.669557675912": 33,
    "27818.0329575025": 34,
    "27865.189939289266": 35,
    "27948.60450997431": 36,
    "27954.655680832766": 37,
    "28030.37294015658": 38,
    "28051.7372072855": 39,
    "28055.07718993958": 40,
    "28106.31656548174": 41,
    "28111.52038161359": 42,
    "28125.52645273229": 43,
    "28202.518647008223": 44,
    "28203.422376409708": 45,
    "28331.751084128646": 46,
    "28332.139635733223": 47,
    "28344.14483954931": 48,
    "28488.91587163958": 49,
    "28524.326105811237": 50,
    "28683.8777103212": 51,
    "28764.68603642718": 52,
    "28882.421509107095": 35,
    "28946.20815264569": 36,
    "28985.789245447173": 37,
    "28994.557675629367": 38,
    "29017.08499566389": 39,
    "29033.251517780234": 40,
    "29066.240242845048": 41,
    "29130.13963573324": 42,
    "29148.62185602817": 43,
    "29196.409366869695": 44,
    "29255.079791847704": 45,
    "29272.054640069793": 46,
    "29329.966175195685": 47,
    "29348.425845620484": 48,
    "29390.249783174924": 49,
    "29395.582827407252": 50,
    "29457.568950564106": 51,
    "29458.908065915533": 52,
    "29504.887250650972": 53,
    "29783.248915872013": 54,
    "29788.604509974426": 55,
    "29873.83521248996": 56,
    "29895.15091066847": 57,
    "29959.000867303075": 58,
    "29971.13356461454": 59,
    "30039.647875108898": 60,
    "30076.4215091072": 61,
    "30113.751951431543": 62,
    "30159.66782307093": 63,
    "30315.70858629711": 64,
    "30337.68430182183": 65,
    "30418.350390286716": 66,
    "30432.701647875718": 67,
    "30528.686036427298": 68,
    "30565.491760625202": 69,
    "30575.488291414145": 70,
    "30586.032957502735": 71,
    "30616.537727667634": 55,
    "30617.522116219137": 56,
    "30641.630529055252": 57,
    "30694.643538595545": 58,
    "30803.005203816945": 59,
    "30821.32610581173": 60,
    "30893.285342585445": 61,
    "30950.253252385803": 62,
    "30961.322636600737": 63,
    "30981.886383348414": 64,
    "31015.757155247647": 65,
    "31034.08586296692": 66,
    "31248.411968777884": 67,
    "31268.088464874923": 68,
    "31294.93321769371": 69,
    "31318.94362532582": 70,
    "31342.87163920272": 71,
    "31384.783174328506": 72,
    "31488.360797919137": 73,
    "31489.386816999824": 74,
    "31578.777970512525": 75,
    "31611.373807459695": 76,
    "31635.987857763117": 77,
    "31776.847354727666": 78,
    "31848.158716392594": 79,
    "31878.550737207806": 80,
    "31951.51691240321": 81,
    "31966.62012142314": 82,
    "32039.336513443897": 83,
    "32102.735472680928": 84,
    "32104.985255855114": 85,
    "32138.72679965383": 86,
    "32241.801387685086": 87,
    "32351.2038161328": 88,
    "32364.151777971256": 89,
    "32401.1188204693": 88,
    "32417.763226366762": 89,
    "32525.455333912447": 90,
    "32533.23937554307": 91,
    "32701.465741544478": 92,
    "32720.29748482315": 93,
    "32772.06157849166": 94,
    "32774.00607111948": 95,
    "32839.82393755515": 96,
    "32893.77276669658": 97,
    "32931.7649609722": 98,
    "33101.11101474499": 99,
    "33148.86643538687": 100,
    "36334.78057241977": 87,
    "36654.28707718999": 88,
    "36731.67476149181": 89,
    "36847.75628794455": 90,
    "36849.54726799668": 91,
    "36961.062445793636": 92,
    "36997.67476149181": 93,
    "37017.368603642724": 94,
    "37040.507372072985": 95,
    "37207.505637467635": 96,
    "37415.11795316581": 97,
    "37566.851691240416": 98,
    "37576.83174327857": 99,
    "38382.797051170935": 77,
    "38445.88031222902": 78,
    "38572.45013009546": 79,
    "38686.42584562025": 80,
    "38780.062445793636": 81,
    "38875.062445793636": 82,
    "38919.4197745015": 83,
    "38938.44405897675": 84,
    "39021.511708586346": 85,
    "39028.45013009546": 86,
    "39066.45013009546": 87,
    "39101.67476149181": 88,
    "39122.75628794455": 89,
    "39131.9132697313": 90,
    "39135.38248048586": 91,
    "39141.062445793636": 92,
    "39255.062445793636": 93,
    "39302.9132697313": 94,
    "39308.46400693859": 95,
    "39308.62532523868": 96,
    "39630.503902862285": 94,
    "39709.54553339133": 95,
    "39964.17779705135": 96,
    "40331.67476149181": 97,
    "40581.45013009546": 98,
    "40802.22029488314": 99,
    "41052.56027753721": 100,
    "41083.9132697313": 101,
    "42437.75628794455": 83,
    "42456.75628794455": 84,
    "42492.67476149181": 85,
    "42494.062445793636": 86,
    "42551.062445793636": 87,
    "42689.750216825836": 88,
    "42701.54553339133": 89,
    "42747.44405897675": 90,
    "42798.75628794455": 91,
    "42836.75628794455": 92,
    "43180.28100607128": 93,
    "43236.45013009546": 69,
    "43271.54553339133": 70,
    "43334.09627059862": 71,
    "43525.48395490044": 72,
    "43637.402428447705": 73,
    "43865.402428447705": 74,
    "44045.67476149181": 75,
    "44102.67476149181": 76,
    "44140.67476149181": 77,
    "44146.790112749506": 78,
    "44181.45013009546": 79,
    "44432.750216825836": 80,
    "44518.73026886399": 81,
    "44522.75628794455": 82,
    "44577.67476149181": 83,
    "44617.062445793636": 84,
    "44807.75628794455": 85,
    "44821.60797918496": 86,
    "45102.1795316567": 58,
    "45202.46400693859": 59,
    "45225.062445793636": 60,
    "45266.9340849959": 61,
    "45269.961838681804": 62,
    "45296.07632263677": 63,
    "45296.46487424132": 64,
    "45320.46487424134": 65,
    "45361.9340849959": 66,
    "45408.859496964586": 67,