{
  "makespan": 59121.41717259333,
  "num_tours": 363,
  "num_orders_completed": 363,
  "avg_tour_makespan": 1060.084498696721,
  "avg_batch_size": 1.0,
  "orders_per_hour": 21.352941176470587,
  "tours_per_hour": 21.352941176470587,
  "distance_by_picker": {
    "0": 7913200.0,
    "1": 7760400.0,
    "2": 6803200.0,
    "3": 7602400.0,
    "4": 7062000.0,
    "5": 6859600.0,
    "6": 6876400.0,
    "7": 6761200.0,
    "8": 6954000.0,
    "9": 6711200.0,
    "10": 7020000.0,
    "11": 7130800.0,
    "12": 5813600.0,
    "13": 5007600.0,
    "14": 5086000.0,
    "15": 4773200.0,
    "16": 4954400.0,
    "17": 5456000.0,
    "18": 4801600.0,
    "19": 4304800.0,
    "20": 4648000.0,
    "21": 5391600.0,
    "22": 4063200.0,
    "23": 4621200.0
  },
  "idle_time_by_picker": {
    "16": 19050.72506504698,
    "0": 14004.34865567962,
    "4": 14683.97137901029,
    "7": 15070.203816130968,
    "3": 14496.416305289262,
    "5": 14704.532523849863,
    "18": 19534.986990458892,
    "12": 16130.450997397267,
    "2": 15407.068516911393,
    "9": 14217.886383346835,
    "15": 18469.92194275721,
    "22": 18544.19514310429,
    "1": 13458.899392886851,
    "20": 18404.595836946275,
    "8": 14805.857762358028,
    "11": 13598.926279270308,
    "10": 15089.643538594079,
    "19": 19145.696444058223,
    "13": 17298.816131829117,
    "17": 16599.785776234996,
    "23": 19582.30529054565,
    "21": 19399.006071117816,
    "14": 17375.614917605446,
    "6": 14829.714657414515
  },
  "total_distance": 144375600.0,
  "total_delayed": 1,
  "dock_utilization": {
    "25525.679965307914": 1,
    "25894.102341717364": 2,
    "25899.919340850065": 3,
    "26084.207285342643": 4,
    "26092.60190806602": 5,
    "26122.207285342643": 6,
    "26179.207285342643": 7,
    "26198.207285342643": 8,
    "26217.207285342643": 10,
    "26236.207285342643": 11,
    "26312.207285342643": 12,
    "26380.89765828287": 13,
    "26407.207285342643": 14,
    "26413.947961838814": 15,
    "26530.46921075468": 16,
    "26546.161318300226": 17,
    "26568.46921075468": 18,
    "26583.81439722477": 19,
    "26705.53946227247": 20,
    "26753.250650477188": 21,
    "26830.213356461536": 22,
    "26868.733738074712": 23,
    "26967.46921075468": 24,
    "26977.942758022706": 25,
    "27009.886383347926": 25,
    "27074.887250650558": 26,
    "27082.414570685287": 27,
    "27150.74588031244": 28,
    "27411.12662619271": 29,
    "27468.192541197124": 30,
    "27500.63226366024": 31,
    "27639.7961838684": 32,
    "27680.999132697543": 33,
    "27695.42064180418": 34,
    "27701.21335646163": 35,
    "27772.021682567414": 36,
    "27783.19167389445": 37,
    "27880.414570685287": 38,
    "27908.676496097323": 39,
    "27925.223764093927": 40,
    "27933.376409367113": 41,
    "27962.36860364287": 42,
    "27975.414570685287": 43,
    "28022.398091934323": 44,
    "28063.000000000233": 45,
    "28175.62185602793": 46,
    "28202.002601908258": 47,
    "28206.417172593436": 48,
    "28319.594102342024": 49,
    "28407.09366869057": 50,
    "28514.091934085343": 51,
    "28561.333911535352": 52,
    "28688.839549002885": 53,
    "28746.78490893358": 54,
    "28769.78924544694": 55,
    "28778.42584562049": 56,
    "28800.491760624755": 39,
    "28846.052905464283": 40,
    "28915.676496097323": 41,
    "28947.95750216861": 42,
    "28961.43104943657": 43,
    "28977.215958369765": 44,
    "29003.43278404192": 45,
    "29055.228967910058": 46,
    "29118.784041630905": 47,
    "29144.62185602793": 48,
    "29154.829141370574": 49,
    "29207.353859497365": 50,
    "29207.575888985513": 51,
    "29235.571552472167": 52,
    "29286.605377276966": 53,
    "29533.255854293428": 54,
    "29545.41283608006": 55,
    "29578.66608846526": 56,
    "29643.633130963135": 57,
    "29723.883781439967": 58,
    "29787.4362532527": 59,
    "29795.11014744195": 60,
    "29800.82480485738": 61,
    "29804.300954033213": 62,
    "29839.55507372113": 63,
    "30086.04683434553": 64,
    "30108.899392888394": 65,
    "30111.638334779214": 66,
    "30205.260190806926": 67,
    "30269.313963573783": 68,
    "30271.593235039472": 69,
    "30315.7571552476": 70,
    "30328.88378144009": 71,
    "30332.829141370574": 72,
    "30349.82393755469": 73,
    "30357.56114484001": 74,
    "30436.81266261961": 75,
    "30477.593235039567": 76,
    "30495.012142237996": 77,
    "30557.873373807903": 78,
    "30632.25845620162": 62,
    "30657.341717259704": 63,
    "30681.398959237325": 64,
    "30699.040763226847": 65,
    "30741.09106678261": 66,
    "30800.22202948889": 67,
    "30976.845620121858": 68,
    "30976.938421509534": 69,
    "30988.975715525157": 70,
    "31033.914137034284": 71,
    "31081.23677363438": 72,
    "31165.768430182652": 73,
    "31191.521248916426": 74,
    "31247.80052038221": 75,
    "31259.22896791026": 76,
    "31312.036426713217": 77,
    "31386.656548135834": 78,
    "31578.254119688172": 79,
    "31579.964440590244": 80,
    "31590.84388551666": 81,
    "31616.49609713839": 82,
    "31698.60624457997": 83,
    "31727.080659150546": 84,
    "31775.595836947607": 85,
    "31777.298352125254": 86,
    "31816.110147442167": 87,
    "31887.52645273249": 88,
    "32017.02081526511": 89,
    "32022.444058977024": 90,
    "32089.0529054645": 91,
    "32113.039028621366": 92,
    "32118.1136166527": 93,
    "32282.407632264272": 94,
    "32289.863833478477": 95,
    "32405.1830008678": 94,
    "32436.72853425907": 95,
    "32447.436253252905": 96,
    "32466.00433651417": 97,
    "32538.85255854352": 98,
    "32690.4006938428": 99,
    "32732.519514311047": 100,
    "36334.78057241975": 87,
    "36618.20728534259": 88,
    "36694.20728534259": 89,
    "36768.02081526461": 90,
    "36808.20728534259": 91,
    "36922.20728534259": 92,
    "36960.20728534259": 93,
    "36979.20728534259": 94,
    "36981.35732870779": 95,
    "37097.531656548206": 96,
    "37324.22463139644": 97,
    "37456.183868170076": 98,
    "37492.529921942856": 99,
    "38342.03382480488": 77,
    "38411.18820468345": 78,
    "38532.20728534259": 79,
    "38632.826539462345": 80,
    "38741.20728534259": 81,
    "38777.87597571561": 82,
    "38836.20728534259": 83,
    "38845.12228967919": 84,
    "38988.20728534259": 86,
    "39016.04163052913": 87,
    "39026.20728534259": 88,
    "39037.20381613192": 89,
    "39064.20728534259": 90,
    "39083.20728534259": 91,
    "39102.20728534259": 92,
    "39209.24457935829": 93,
    "39215.477016478835": 94,
    "39216.20728534259": 95,
    "39229.88638334788": 96,
    "39515.32610581102": 97,
    "39605.46921075464": 95,
    "39873.28447528198": 96,
    "40305.65568083263": 97,
    "40541.20728534259": 98,
    "40935.93842150929": 99,
    "40997.00954032966": 100,
    "42398.20728534259": 82,
    "42417.20728534259": 83,
    "42455.20728534259": 86,
    "42512.20728534259": 87,
    "42565.20555073727": 88,
    "42617.937554206495": 89,
    "42670.77450130106": 90,
    "42759.20728534259": 91,
    "42797.20728534259": 92,
    "43109.33564614059": 93,
    "43167.46921075464": 94,
    "43196.20728534259": 95,
    "43222.38768430191": 71,
    "43414.46921075464": 72,
    "43528.46921075464": 73,
    "43756.46921075464": 74,
    "44008.20728534259": 75,
    "44052.94796183874": 76,
    "44065.20728534259": 77,
    "44103.20728534259": 78,
    "44141.20728534259": 79,
    "44323.12315698186": 80,
    "44439.97918473557": 81,
    "44483.20728534259": 82,
    "44540.20728534259": 83,
    "44578.20728534259": 84,
    "44711.20728534259": 85,
    "44768.20728534259": 86,
    "45024.46921075464": 58,
    "45119.46921075464": 59,
    "45132.55941023427": 60,
    "45172.676496097236": 61,
    "45184.155247181334": 62,
    "45186.20728534259": 63,
    "45195.46921075464": 64,
    "45210.676496097236": 65,
    "45215.414570685185": 66,
    "45274.85689505655": 67,
    "45282.37033824815": 68,
    "45331.14917606252": 69,
    "45335.488291413785": 70,
    "45371.93842150929": 71,