{
    "batching_algo": "",
    "batching_time": 0.0,
    "routing_algo": "ReturnRouting",
    "routing_time": 0.2067588010104373,
    "scheduling_algo": "Algorithm",
    "scheduling_time": 0.004839900066144764,
    "provenance": [
        {
            "stage": "batching",
            "algo": "",
            "time": 0.0,
            "task_class": "PickListProvider"
        },
        {
            "stage": "routing",
            "algo": "ReturnRouting",
            "time": 0.2067588010104373,
            "task_class": "Return"
        },
        {
            "stage": "scheduling",
            "algo": "Algorithm",
            "time": 0.004839900066144764,
            "task_class": "EDDScheduler"
        }
    ],
    "routing_summary": {
        "total_distance": 194577600.0,
        "tour_distances": {
            "tour_0_distance": 709200.0,
            "tour_1_distance": 402800.0,
            "tour_2_distance": 686800.0,
            "tour_3_distance": 407600.0,
            "tour_4_distance": 683600.0,
            "tour_5_distance": 406000.0,
            "tour_6_distance": 405200.0,
            "tour_7_distance": 404400.0,
            "tour_8_distance": 728400.0,
            "tour_9_distance": 406000.0,
            "tour_10_distance": 723600.0,
            "tour_11_distance": 406000.0,
            "tour_12_distance": 661200.0,
            "tour_13_distance": 406000.0,
            "tour_14_distance": 691600.0,
            "tour_15_distance": 406000.0,
            "tour_16_distance": 706000.0,
            "tour_17_distance": 409200.0,
            "tour_18_distance": 722000.0,
            "tour_19_distance": 406000.0,
            "tour_20_distance": 645200.0,
            "tour_21_distance": 402800.0,
            "tour_22_distance": 714000.0,
            "tour_23_distance": 409200.0,
            "tour_24_distance": 698000.0,
            "tour_25_distance": 398000.0,
            "tour_26_distance": 702800.0,
            "tour_27_distance": 399600.0,
            "tour_28_distance": 662800.0,
            "tour_29_distance": 398000.0,
            "tour_30_distance": 667600.0,
            "tour_31_distance": 402800.0,
            "tour_32_distance": 734800.0,
            "tour_33_distance": 407600.0,
            "tour_34_distance": 722000.0,
            "tour_35_distance": 399600.0,
            "tour_36_distance": 651600.0,
            "tour_37_distance": 409200.0,
            "tour_38_distance": 701200.0,
            "tour_39_distance": 409200.0,
            "tour_40_distance": 733200.0,
            "tour_41_distance": 399600.0,
            "tour_42_distance": 731600.0,
            "tour_43_distance": 402800.0,
            "tour_44_distance": 709200.0,
            "tour_45_distance": 402800.0,
            "tour_46_distance": 715600.0,
            "tour_47_distance": 406000.0,
            "tour_48_distance": 712400.0,
            "tour_49_distance": 404400.0,
            "tour_50_distance": 715600.0,
            "tour_51_distance": 402800.0,
            "tour_52_distance": 728400.0,
            "tour_53_distance": 409200.0,
            "tour_54_distance": 718800.0,
            "tour_55_distance": 396400.0,
            "tour_56_distance": 736400.0,
            "tour_57_distance": 404400.0,
            "tour_58_distance": 685200.0,
            "tour_59_distance": 406000.0,
            "tour_60_distance": 731600.0,
            "tour_61_distance": 402800.0,
            "tour_62_distance": 699600.0,
            "tour_63_distance": 407600.0,
            "tour_64_distance": 642000.0,
            "tour_65_distance": 409200.0,
            "tour_66_distance": 694800.0,
            "tour_67_distance": 402800.0,
            "tour_68_distance": 715600.0,
            "tour_69_distance": 402800.0,
            "tour_70_distance": 626000.0,
            "tour_71_distance": 399600.0,
            "tour_72_distance": 717200.0,
            "tour_73_distance": 406000.0,
            "tour_74_distance": 709200.0,
            "tour_75_distance": 409200.0,
            "tour_76_distance": 666000.0,
            "tour_77_distance": 406000.0,
            "tour_78_distance": 714000.0,
            "tour_79_distance": 402800.0,
            "tour_80_distance": 685200.0,
            "tour_81_distance": 394800.0,
            "tour_82_distance": 670800.0,
            "tour_83_distance": 406000.0,
            "tour_84_distance": 717200.0,
            "tour_85_distance": 409200.0,
            "tour_86_distance": 717200.0,
            "tour_87_distance": 391600.0,
            "tour_88_distance": 717200.0,
            "tour_89_distance": 409200.0,
            "tour_90_distance": 726800.0,
            "tour_91_distance": 409200.0,
            "tour_92_distance": 533200.0,
            "tour_93_distance": 407600.0,
            "tour_94_distance": 712400.0,
            "tour_95_distance": 409200.0,
            "tour_96_distance": 690000.0,
            "tour_97_distance": 409200.0,
            "tour_98_distance": 671600.0,
            "tour_99_distance": 751600.0,
            "tour_100_distance": 787600.0,
            "tour_101_distance": 910000.0,
            "tour_102_distance": 723600.0,
            "tour_103_distance": 837200.0,
            "tour_104_distance": 792400.0,
            "tour_105_distance": 600400.0,
            "tour_106_distance": 906800.0,
            "tour_107_distance": 872400.0,
            "tour_108_distance": 874800.0,
            "tour_109_distance": 892400.0,
            "tour_110_distance": 608400.0,
            "tour_111_distance": 908400.0,
            "tour_112_distance": 397200.0,
            "tour_113_distance": 729200.0,
            "tour_114_distance": 398800.0,
            "tour_115_distance": 584400.0,
            "tour_116_distance": 617200.0,
            "tour_117_distance": 900400.0,
            "tour_118_distance": 858800.0,
            "tour_119_distance": 196400.0,
            "tour_120_distance": 878000.0,
            "tour_121_distance": 648400.0,
            "tour_122_distance": 402800.0,
            "tour_123_distance": 683600.0,
            "tour_124_distance": 407600.0,
            "tour_125_distance": 723600.0,
            "tour_126_distance": 406000.0,
            "tour_127_distance": 731600.0,
            "tour_128_distance": 409200.0,
            "tour_129_distance": 694800.0,
            "tour_130_distance": 406000.0,
            "tour_131_distance": 675600.0,
            "tour_132_distance": 409200.0,
            "tour_133_distance": 725200.0,
            "tour_134_distance": 406000.0,
            "tour_135_distance": 682000.0,
            "tour_136_distance": 407600.0,
            "tour_137_distance": 704400.0,
            "tour_138_distance": 398000.0,
            "tour_139_distance": 699600.0,
            "tour_140_distance": 406000.0,
            "tour_141_distance": 701200.0,
            "tour_142_distance": 406000.0,
            "tour_143_distance": 715600.0,
            "tour_144_distance": 394800.0,
            "tour_145_distance": 702800.0,
            "tour_146_distance": 402800.0,
            "tour_147_distance": 714000.0,
            "tour_148_distance": 399600.0,
            "tour_149_distance": 691600.0,
            "tour_150_distance": 406000.0,
            "tour_151_distance": 691600.0,
            "tour_152_distance": 409200.0,
            "tour_153_distance": 590000.0,
            "tour_154_distance": 407600.0,
            "tour_155_distance": 682000.0,
            "tour_156_distance": 409200.0,
            "tour_157_distance": 634800.0,
            "tour_158_distance": 409200.0,
            "tour_159_distance": 691600.0,
            "tour_160_distance": 409200.0,
            "tour_161_distance": 712400.0,
            "tour_162_distance": 406000.0,
            "tour_163_distance": 720400.0,
            "tour_164_distance": 402800.0,
            "tour_165_distance": 672400.0,
            "tour_166_distance": 402800.0,
            "tour_167_distance": 550800.0,
            "tour_168_distance": 399600.0,