{
  "makespan": 59101.46921075464,
  "num_tours": 363,
  "num_orders_completed": 363,
  "avg_tour_makespan": 1060.2746840796883,
  "avg_batch_size": 1.0,
  "orders_per_hour": 21.352941176470587,
  "tours_per_hour": 21.352941176470587,
  "distance_by_picker": {
    "0": 7926400.0,
    "1": 7689600.0,
    "2": 6819600.0,
    "3": 7286000.0,
    "4": 7344000.0,
    "5": 7178800.0,
    "6": 6818800.0,
    "7": 7521600.0,
    "8": 7434400.0,
    "9": 6448400.0,
    "10": 6897600.0,
    "11": 7762000.0,
    "12": 5284400.0,
    "13": 4879200.0,
    "14": 5345600.0,
    "15": 4796800.0,
    "16": 5361200.0,
    "17": 5135200.0,
    "18": 4520400.0,
    "19": 3928000.0,
    "20": 4606400.0,
    "21": 4906400.0,
    "22": 4212800.0,
    "23": 4431200.0
  },
  "idle_time_by_picker": {
    "16": 17924.315698177845,
    "4": 14427.733738073388,
    "0": 14365.175195141888,
    "7": 14721.455333910275,
    "5": 15212.111014742874,
    "3": 14348.623590631985,
    "18": 19409.929748481463,
    "12": 17825.020815263764,
    "2": 14541.140503034461,
    "9": 14787.84995663388,
    "15": 18729.33044232357,
    "22": 19334.32090199416,
    "1": 13128.601908064637,
    "8": 14787.531656546817,
    "20": 17453.635732870003,
    "11": 12318.205550735835,
    "19": 19733.086730268245,
    "10": 14963.315698177597,
    "13": 17439.597571551676,
    "17": 17346.90112749267,
    "23": 19799.873373806746,
    "21": 19840.80225498603,
    "14": 17000.080659149127,
    "6": 14351.487424110077
  },
  "total_distance": 144534800.0,
  "total_delayed": 1,
  "dock_utilization": {
    "25525.679965307907": 1,
    "25876.328707719076": 2,
    "25929.488291413825": 3,
    "26084.207285342633": 4,
    "26122.207285342633": 5,
    "26165.281873373962": 6,
    "26179.207285342633": 7,
    "26198.207285342633": 8,
    "26217.207285342633": 9,
    "26217.207285342643": 10,
    "26236.207285342633": 11,
    "26312.207285342643": 12,
    "26380.89765828287": 13,
    "26397.469210754673": 14,
    "26407.207285342643": 15,
    "26530.469210754673": 16,
    "26568.469210754673": 17,
    "26583.281873373962": 18,
    "26621.281873373966": 19,
    "26682.469210754673": 20,
    "26753.250650477188": 21,
    "26830.213356461536": 22,
    "26868.733738074712": 23,
    "26967.46921075468": 24,
    "26977.942758022695": 25,
    "27009.886383347926": 25,
    "27074.88725065055": 26,
    "27125.489158716606": 27,
    "27180.351257589053": 28,
    "27440.69557675647": 29,
    "27500.63226366023": 30,
    "27532.71986123186": 31,
    "27667.202948829385": 32,
    "27680.999132697532": 33,
    "27691.47528187366": 34,
    "27695.42064180417": 35,
    "27776.45099739828": 36,
    "27809.48915871661": 37,
    "27880.414570685287": 38,
    "27908.676496097312": 39,
    "27910.306157849314": 40,
    "27925.22376409392": 41,
    "27975.414570685287": 42,
    "27984.676496097316": 43,
    "28037.210754553606": 44,
    "28045.226366001945": 45,
    "28196.356461405223": 46,
    "28202.002601908247": 47,
    "28218.69644405924": 48,
    "28338.327840416605": 49,
    "28407.09366869056": 50,
    "28529.820468343725": 51,
    "28590.9028620991": 52,
    "28720.927146574493": 53,
    "28793.101474414903": 54,
    "28817.490893322072": 37,
    "28819.96357328749": 38,
    "28822.831743278806": 39,
    "28876.02515177831": 40,
    "28915.676496097312": 41,
    "28930.88985255884": 42,
    "28935.411968777367": 43,
    "28946.513443191947": 44,
    "29030.145706851985": 45,
    "29059.65828274091": 46,
    "29103.692974848593": 47,
    "29144.62185602792": 48,
    "29175.563746747855": 49,
    "29215.958369471282": 50,
    "29220.62185602792": 51,
    "29223.695576756618": 52,
    "29301.418039896238": 53,
    "29546.301821335826": 54,
    "29588.08412836108": 55,
    "29599.654813530313": 56,
    "29685.17085863012": 57,
    "29733.14570685199": 58,
    "29791.865568083544": 59,
    "29804.30095403319": 60,
    "29855.40849956678": 61,
    "29866.614917606657": 62,
    "29891.730268864325": 63,
    "30085.61925412": 64,
    "30118.134431917126": 65,
    "30171.21335646183": 66,
    "30235.232437120943": 67,
    "30244.162185603265": 68,
    "30276.797051171277": 69,
    "30318.359063313514": 70,
    "30332.829141370552": 71,
    "30339.372072853774": 72,
    "30343.30095403348": 73,
    "30366.165654813914": 74,
    "30451.62532523887": 75,
    "30506.032957502528": 76,
    "30535.436253252956": 77,
    "30578.862098872945": 78,
    "30679.960104076745": 62,
    "30687.16478751129": 63,
    "30688.508239375824": 64,
    "30709.206418040296": 65,
    "30750.35299219462": 66,
    "30916.0372940162": 67,
    "30986.930615785248": 68,
    "31008.334778838216": 69,
    "31024.64006938465": 70,
    "31036.420641804463": 71,
    "31099.318300087227": 72,
    "31166.369470945898": 73,
    "31174.372940156547": 74,
    "31276.24024284516": 75,
    "31280.701647875616": 76,
    "31318.579358196406": 77,
    "31431.199479618997": 78,
    "31577.826539462632": 79,
    "31578.77016478815": 80,
    "31582.566348656146": 81,
    "31625.298352125224": 82,
    "31705.715524718456": 83,
    "31748.069384215578": 84,
    "31786.560277537254": 85,
    "31789.633998265963": 86,
    "31896.094535993543": 87,
    "31942.506504770874": 88,
    "32006.26626192595": 89,
    "32040.52558542986": 90,
    "32099.13790112788": 91,
    "32150.90546400763": 92,
    "32174.04856895108": 93,
    "32286.67562879497": 94,
    "32334.40676496163": 95,
    "32419.58022549918": 94,
    "32440.847354727284": 95,
    "32468.90893321825": 96,
    "32492.709453599833": 97,
    "32537.889852559136": 98,
    "32686.83868170057": 99,
    "32756.80398959289": 100,
    "36334.78057241975": 87,
    "36618.20728534261": 88,
    "36694.20728534261": 89,
    "36779.46921075464": 90,
    "36808.20728534261": 91,
    "36922.20728534261": 92,
    "36960.20728534261": 93,
    "36979.20728534261": 94,
    "36988.46921075464": 95,
    "37121.46921075464": 96,
    "37330.46921075464": 97,
    "37463.46921075464": 98,
    "37482.46921075464": 99,
    "38362.328707719054": 77,
    "38411.18820468346": 78,
    "38532.20728534261": 79,
    "38636.46921075464": 80,
    "38741.20728534261": 81,
    "38822.62879444938": 82,
    "38836.20728534261": 83,
    "38845.46921075464": 84,
    "38988.20728534261": 86,
    "39026.20728534261": 87,
    "39035.46921075464": 89,
    "39064.20728534261": 90,
    "39083.20728534261": 91,
    "39102.20728534261": 92,
    "39206.46921075464": 94,
    "39216.20728534261": 95,
    "39240.281873373926": 96,
    "39510.46921075464": 97,
    "39605.46921075464": 95,
    "39852.46921075464": 96,
    "40294.20728534261": 97,
    "40541.20728534261": 98,
    "40935.93842150929": 99,
    "40987.46921075464": 100,
    "42398.20728534261": 82,
    "42417.20728534261": 83,
    "42455.20728534261": 86,
    "42512.20728534261": 87,
    "42597.46921075464": 89,
    "42654.46921075464": 90,
    "42759.20728534261": 91,
    "42797.20728534261": 92,
    "43091.46921075464": 93,
    "43167.46921075464": 94,
    "43196.20728534261": 95,
    "43224.46921075464": 71,
    "43414.46921075464": 72,
    "43528.46921075464": 73,
    "43756.46921075464": 74,
    "44008.20728534261": 75,
    "44065.20728534261": 76,
    "44093.01734605388": 77,
    "44103.20728534261": 78,
    "44141.20728534261": 79,
    "44340.46921075464": 80,
    "44435.46921075464": 81,
    "44483.20728534261": 82,
    "44540.20728534261": 83,
    "44578.20728534261": 84,
    "44711.20728534261": 85,
    "44768.20728534261": 86,
    "45024.46921075464": 58,
    "45100.46921075464": 59,
    "45119.46921075464": 60,
    "45172.67649609725": 61,
    "45186.20728534261": 62,
    "45195.46921075464": 63,
    "45196.414570685214": 64,
    "45210.67649609725": 65,
    "45215.414570685214": 66,
    "45276.93842150929": 67,
    "45281.67649609725": 68,
    "45309.46921075464": 69,
    "45331.14917606253": 70,
    "45371.93842150929": 71,
    "45480.46921075464": 72,
    "45841.46921075464": 73,