{
  "makespan": 59143.09973980932,
  "num_tours": 363,
  "num_orders_completed": 363,
  "avg_tour_makespan": 1081.1773956549719,
  "avg_batch_size": 1.0,
  "orders_per_hour": 21.352941176470587,
  "tours_per_hour": 21.352941176470587,
  "distance_by_picker": {
    "0": 8846000.0,
    "1": 8678400.0,
    "2": 7610000.0,
    "3": 7803200.0,
    "4": 8114000.0,
    "5": 8034000.0,
    "6": 7037600.0,
    "7": 7333200.0,
    "8": 7952000.0,
    "9": 7691600.0,
    "10": 6991200.0,
    "11": 8150000.0,
    "12": 7261600.0,
    "13": 5367600.0,
    "14": 5694000.0,
    "15": 5565200.0,
    "16": 6079200.0,
    "17": 6071200.0,
    "18": 5276800.0,
    "19": 5573200.0,
    "20": 4818000.0,
    "21": 5939200.0,
    "22": 4736400.0,
    "23": 5408400.0
  },
  "idle_time_by_picker": {
    "16": 18353.95403295636,
    "4": 14268.45273200194,
    "0": 13871.284475280452,
    "7": 14227.313963572102,
    "5": 14062.252385080792,
    "3": 14561.33911534987,
    "18": 20069.915871638175,
    "12": 16582.204683433232,
    "2": 15054.93148308645,
    "9": 13695.096270597074,
    "15": 17429.621856026784,
    "22": 18974.261058108565,
    "20": 19071.87510841184,
    "1": 12433.807458801377,
    "8": 15389.81179531508,
    "11": 13277.330442322815,
    "10": 15236.464006937178,
    "19": 17651.80485689393,
    "13": 16990.677363398998,
    "17": 17545.869037292752,
    "23": 18598.31136166412,
    "21": 17646.209887249497,
    "14": 17703.996530787997,
    "6": 14526.111882045829
  },
  "total_distance": 162032000.0,
  "total_delayed": 1,
  "dock_utilization": {
    "25525.679965307907": 1,
    "25894.021682567312": 2,
    "25923.93755420654": 3,
    "26084.207285342633": 4,
    "26122.207285342633": 5,
    "26134.75281873387": 6,
    "26179.207285342633": 7,
    "26198.207285342633": 8,
    "26217.207285342633": 10,
    "26236.207285342633": 11,
    "26312.207285342633": 12,
    "26407.207285342633": 13,
    "26426.344319167554": 14,
    "26437.01821335662": 15,
    "26559.61058109295": 16,
    "26592.995663486727": 17,
    "26609.405897658442": 18,
    "26610.18039895939": 19,
    "26729.650477016643": 20,
    "26783.376409366956": 21,
    "26886.934952298536": 22,
    "26916.6088464876": 23,
    "26993.901127493642": 24,
    "27021.588898525755": 24,
    "27055.853425845802": 25,
    "27074.88725065054": 26,
    "27094.9601040765": 27,
    "27236.552471812858": 28,
    "27435.14483954917": 29,
    "27538.561144839736": 30,
    "27571.404163053176": 31,
    "27722.605377277006": 32,
    "27730.608846487685": 33,
    "27747.688638335105": 34,
    "27752.14223764117": 35,
    "27798.387684302023": 36,
    "27875.646140503366": 37,
    "27880.414570685265": 38,
    "27935.108412836275": 39,
    "27975.414570685265": 40,
    "27999.811795316855": 41,
    "28009.20294882936": 42,
    "28019.2393755424": 43,
    "28109.648742411413": 44,
    "28127.79358196038": 45,
    "28188.167389419134": 46,
    "28224.80398959258": 47,
    "28258.203816132056": 48,
    "28355.326973113926": 49,
    "28453.060711188435": 50,
    "28585.352124891804": 51,
    "28647.773633998637": 52,
    "28759.611448395808": 53,
    "28806.294015611747": 36,
    "28856.008673027216": 37,
    "28859.500433651825": 38,
    "28883.80919340895": 39,
    "28896.45186470107": 40,
    "28998.93755420666": 41,
    "29005.998265394992": 42,
    "29011.621856027898": 43,
    "29029.014744146043": 44,
    "29081.594969644655": 45,
    "29111.39115351294": 46,
    "29144.621856027898": 47,
    "29167.374674761766": 48,
    "29219.911535126208": 49,
    "29254.41023417199": 50,
    "29334.153512576388": 51,
    "29343.383347788807": 52,
    "29373.856027754045": 53,
    "29656.483954900694": 54,
    "29659.833477884295": 55,
    "29663.019080659487": 56,
    "29724.707718994458": 57,
    "29827.379011275443": 58,
    "29843.598438855573": 59,
    "29850.267996531067": 60,
    "29909.08586296664": 61,
    "29920.307025152164": 62,
    "29927.084128361177": 63,
    "30156.81873373844": 64,
    "30161.82914137053": 65,
    "30224.905464007337": 66,
    "30255.659150043703": 67,
    "30318.395490026316": 68,
    "30354.160450997882": 69,
    "30355.5819601044": 70,
    "30404.617519514624": 71,
    "30418.445793582476": 72,
    "30426.77189939341": 73,
    "30441.398959237376": 74,
    "30524.063313096678": 75,
    "30564.91240242908": 76,
    "30598.255854293762": 77,
    "30642.22636600212": 61,
    "30734.4752818737": 62,
    "30789.94362532575": 63,
    "30809.40329575087": 64,
    "30844.586296618076": 65,
    "30848.48308759816": 66,
    "30979.08152645337": 67,
    "31079.155247181607": 68,
    "31090.11274934997": 69,
    "31094.065915004903": 70,
    "31135.6209887257": 71,
    "31147.869904597013": 72,
    "31240.60277536895": 73,
    "31249.60624458001": 74,
    "31323.678230702993": 75,
    "31335.119687771712": 76,
    "31397.65307892511": 77,
    "31497.082393755947": 78,
    "31619.78924544703": 79,
    "31649.026019081073": 80,
    "31719.289679098463": 81,
    "31728.156114484656": 82,
    "31811.433651344752": 83,
    "31826.610581093504": 84,
    "31884.690372940793": 85,
    "31934.737207286016": 86,
    "32028.896790980634": 87,
    "32046.140503036353": 88,
    "32089.077189939646": 89,
    "32141.912402429105": 90,
    "32191.36253252424": 91,
    "32266.305290547098": 92,
    "32268.53859497043": 93,
    "32400.28967909858": 92,
    "32493.52124891661": 93,
    "32494.81352992264": 94,
    "32510.273200347536": 95,
    "32523.326973114345": 96,
    "32568.248048569574": 97,
    "32684.965307893253": 98,
    "32788.82567216008": 99,
    "32867.02948829201": 100,
    "36334.78057241977": 87,
    "36618.20728534261": 88,
    "36694.20728534261": 89,
    "36791.6114483956": 90,
    "36808.20728534261": 91,
    "36922.20728534261": 92,
    "36960.20728534261": 93,
    "36979.20728534261": 94,
    "37010.67215958381": 95,
    "37136.03989592379": 96,
    "37399.159583694855": 97,
    "37500.93668690385": 98,
    "37534.507372072985": 99,
    "38345.32957502174": 77,
    "38411.18820468346": 78,
    "38532.20728534261": 79,
    "38642.01994796193": 80,
    "38741.20728534261": 81,
    "38798.3443191675": 82,
    "38836.20728534261": 83,
    "38873.569817866555": 84,
    "38988.20728534261": 86,
    "39026.20728534261": 87,
    "39052.12142237651": 88,
    "39064.20728534261": 89,
    "39074.32437120567": 90,
    "39083.20728534261": 91,
    "39102.20728534261": 92,
    "39216.20728534261": 93,
    "39248.09973980932": 94,
    "39249.301821335794": 95,
    "39260.58889852572": 96,
    "39568.058109280275": 97,
    "39665.83347788392": 95,
    "39925.32263660032": 96,
    "40294.20728534261": 97,
    "40541.20728534261": 98,
    "41031.87510841296": 99,
    "41046.95316565508": 100,
    "42398.20728534261": 82,
    "42417.20728534261": 83,
    "42455.20728534261": 86,
    "42512.20728534261": 87,
    "42612.03989592378": 88,
    "42632.161318300205": 89,
    "42704.42584562025": 90,
    "42759.20728534261": 91,
    "42797.20728534261": 92,
    "43162.9349522985": 93,
    "43196.20728534261": 94,
    "43223.67042497845": 70,
    "43250.83521248927": 71,
    "43483.159583694855": 72,
    "43600.62879444941": 73,
    "43820.99653078939": 74,
    "44008.20728534261": 75,
    "44065.20728534261": 76,
    "44074.977450130216": 77,
    "44103.20728534261": 78,
    "44141.20728534261": 79,
    "44379.671292281135": 80,
    "44482.65047701661": 81,
    "44483.20728534261": 82,
    "44540.20728534261": 83,
    "44578.20728534261": 84,
    "44734.87771032106": 85,
    "44768.20728534261": 86,
    "45049.447528187455": 58,
    "45168.03816131843": 59,
    "45174.710320902144": 60,
    "45186.20728534261": 61,
    "45196.414570685214": 62,
    "45215.414570685214": 63,
    "45237.203816131994": 64,
    "45253.058109280275": 65,
    "45279.36686903746": 66,
    "45317.756287944634": 67,
    "45356.12749349534": 68,
    "45377.545533391414": 69,
    "45389.261058109434": 70,
    "45503.76843018242": 71,