{
  "makespan": 59130.610581092915,
  "num_tours": 363,
  "num_orders_completed": 363,
  "avg_tour_makespan": 1074.699624168914,
  "avg_batch_size": 1.0,
  "orders_per_hour": 21.352941176470587,
  "tours_per_hour": 21.352941176470587,
  "distance_by_picker": {
    "0": 9076400.0,
    "1": 8107600.0,
    "2": 7185600.0,
    "3": 7636000.0,
    "4": 8015600.0,
    "5": 7226000.0,
    "6": 7924400.0,
    "7": 7442400.0,
    "8": 8495200.0,
    "9": 7016400.0,
    "10": 7166000.0,
    "11": 7794000.0,
    "12": 6634400.0,
    "13": 5164800.0,
    "14": 5077600.0,
    "15": 5542400.0,
    "16": 5910000.0,
    "17": 5210000.0,
    "18": 5485200.0,
    "19": 5014400.0,
    "20": 4038400.0,
    "21": 5230400.0,
    "22": 4934400.0,
    "23": 5282000.0
  },
  "idle_time_by_picker": {
    "16": 18218.327840415375,
    "4": 13804.634865566612,
    "0": 13784.392888116425,
    "7": 13881.800520380428,
    "5": 15115.642671291076,
    "3": 14348.84562012009,
    "18": 19371.54293148207,
    "12": 17204.794449261834,
    "2": 15005.7692974838,
    "9": 14256.535993060388,
    "15": 17493.999999998883,
    "22": 18318.398091933213,
    "20": 19162.94969644351,
    "1": 13232.335646138949,
    "8": 14803.36947094381,
    "11": 13083.328707717708,
    "10": 14429.08499566243,
    "19": 18700.027753684983,
    "13": 17683.418907197734,
    "17": 18381.146574153332,
    "23": 19041.71725932239,
    "21": 18283.439722462062,
    "14": 18218.29921942669,
    "6": 13092.082393754157
  },
  "total_distance": 156609600.0,
  "total_delayed": 1,
  "dock_utilization": {
    "25525.679965307914": 1,
    "25892.98091934095": 2,
    "25909.36686903741": 3,
    "26084.207285342643": 4,
    "26122.207285342643": 5,
    "26122.263660017474": 6,
    "26179.207285342643": 7,
    "26198.207285342643": 8,
    "26217.207285342643": 10,
    "26236.207285342643": 11,
    "26312.207285342643": 12,
    "26407.207285342643": 13,
    "26414.549002602063": 14,
    "26418.63139635747": 15,
    "26550.590633131105": 16,
    "26580.159583694876": 17,
    "26604.549002602063": 18,
    "26610.180398959394": 19,
    "26723.405897658442": 20,
    "26783.376409366974": 21,
    "26866.466608846655": 22,
    "26898.22202948845": 23,
    "26993.90112749366": 24,
    "27014.650477016643": 24,
    "27034.344319167554": 25,
    "27074.887250650558": 26,
    "27082.470945360117": 27,
    "27228.92020815285": 28,
    "27420.574154380054": 29,
    "27530.814397224876": 30,
    "27535.091934085205": 31,
    "27700.402428447847": 32,
    "27701.54813529951": 33,
    "27711.875108413093": 34,
    "27731.673894189298": 35,
    "27798.387684302037": 36,
    "27827.77103209049": 37,
    "27880.414570685287": 38,
    "27935.108412836304": 39,
    "27972.751951431346": 40,
    "27975.414570685287": 41,
    "27982.46574154408": 42,
    "27996.36686903752": 43,
    "28089.180398959536": 44,
    "28111.835212489426": 45,
    "28175.67823070276": 46,
    "28203.29488291435": 47,
    "28239.470078057464": 48,
    "28326.26626192576": 49,
    "28431.551604510198": 50,
    "28570.781439722698": 51,
    "28621.40763226402": 52,
    "28723.29921942785": 53,
    "28784.784908933532": 54,
    "28837.297484822673": 37,
    "28839.669557676014": 38,
    "28846.874241110538": 39,
    "28877.718126626485": 40,
    "28979.509973981156": 41,
    "28979.979184735832": 42,
    "29008.95923677399": 43,
    "29012.362532524174": 44,
    "29081.59496964468": 45,
    "29089.18820468381": 46,
    "29144.62185602793": 47,
    "29154.885516045404": 48,
    "29187.882046834617": 49,
    "29227.673026886725": 50,
    "29274.136166522567": 51,
    "29308.344319167794": 52,
    "29353.38768430218": 53,
    "29599.81613183048": 54,
    "29637.05637467519": 55,
    "29639.775368603987": 56,
    "29704.876843018657": 57,
    "29795.48655680872": 58,
    "29821.395490026454": 59,
    "29828.75888985284": 60,
    "29881.679098005683": 61,
    "29902.26712922851": 62,
    "29911.81960104116": 63,
    "30120.506504770492": 64,
    "30159.166522116633": 65,
    "30206.86556808369": 66,
    "30236.92541196913": 67,
    "30302.090199479935": 68,
    "30320.24284475334": 69,
    "30343.092801388048": 70,
    "30377.88031222937": 71,
    "30390.345186470582": 72,
    "30392.07979184786": 73,
    "30402.38248048623": 74,
    "30503.594969644822": 75,
    "30537.79618386872": 76,
    "30551.308759757576": 77,
    "30618.98265394663": 61,
    "30712.966175195485": 62,
    "30753.88638334843": 63,
    "30759.91326973169": 64,
    "30810.321769298043": 65,
    "30812.693842151362": 66,
    "30923.921075455964": 67,
    "31052.587163920853": 68,
    "31057.6461405034": 69,
    "31068.393755421228": 70,
    "31072.072853426333": 71,
    "31138.26886383401": 72,
    "31210.589765828874": 73,
    "31224.29748482258": 74,
    "31301.475281873867": 75,
    "31308.003469211362": 76,
    "31369.552471813226": 77,
    "31477.654813530466": 78,
    "31607.30008673069": 79,
    "31612.713790113135": 80,
    "31671.6079791854": 81,
    "31692.552471813207": 82,
    "31777.120555074333": 83,
    "31788.189939289274": 84,
    "31848.901127494006": 85,
    "31883.415437988646": 86,
    "31960.79791847431": 87,
    "31997.3269731142": 88,
    "32079.476149176655": 89,
    "32094.811795317248": 90,
    "32164.794449263496": 91,
    "32214.614050304237": 92,
    "32215.34692107604": 93,
    "32380.86209887311": 94,
    "32430.80919340922": 93,
    "32469.504770165222": 94,
    "32484.60104076387": 95,
    "32496.210754554006": 96,
    "32546.04509974045": 97,
    "32608.928013877485": 98,
    "32754.649609714535": 99,
    "32828.31830008724": 100,
    "36334.78057241975": 87,
    "36618.20728534259": 88,
    "36694.20728534259": 89,
    "36789.87684301832": 90,
    "36808.20728534259": 91,
    "36922.20728534259": 92,
    "36960.20728534259": 93,
    "36979.20728534259": 94,
    "37010.6721595838": 95,
    "37134.652211621964": 96,
    "37367.5897658284": 97,
    "37497.46747614929": 98,
    "37527.915871639336": 99,
    "38345.32957502172": 77,
    "38411.18820468345": 78,
    "38532.20728534259": 79,
    "38637.163052905555": 80,
    "38741.20728534259": 81,
    "38795.222029488395": 82,
    "38836.20728534259": 83,
    "38873.56981786655": 84,
    "38988.20728534259": 86,
    "39026.20728534259": 87,
    "39043.79531656558": 88,
    "39059.40676496109": 89,
    "39064.20728534259": 90,
    "39083.20728534259": 91,
    "39102.20728534259": 92,
    "39216.20728534259": 93,
    "39243.05724197757": 94,
    "39244.63052905476": 95,
    "39250.87510841296": 96,
    "39550.712055507494": 97,
    "39647.79358196023": 95,
    "39903.11968777116": 96,
    "40294.20728534259": 97,
    "40541.20728534259": 98,
    "41010.873373807706": 99,
    "41021.46747614929": 100,
    "42398.20728534259": 82,
    "42417.20728534259": 83,
    "42455.20728534259": 86,
    "42512.20728534259": 87,
    "42589.14310494371": 88,
    "42629.03902862111": 89,
    "42679.44752818745": 90,
    "42759.20728534259": 91,
    "42797.20728534259": 92,
    "43140.73200346934": 93,
    "43196.20728534259": 94,
    "43217.0789245448": 70,
    "43248.753686036536": 71,
    "43472.751951431186": 72,
    "43582.58889852572": 73,
    "43815.4457935821": 74,
    "44008.20728534259": 75,
    "44065.20728534259": 76,
    "44074.9774501302": 77,
    "44103.20728534259": 78,
    "44141.20728534259": 79,
    "44353.652211621964": 80,
    "44462.875975715644": 81,
    "44483.20728534259": 82,
    "44540.20728534259": 83,
    "44578.20728534259": 84,
    "44728.286209887396": 85,
    "44768.20728534259": 86,
    "45046.6721595838": 58,
    "45152.07979184747": 59,
    "45156.67042497845": 60,
    "45186.20728534259": 61,
    "45196.414570685185": 62,
    "45215.414570685185": 63,
    "45231.65307892469": 64,
    "45241.262792714784": 65,
    "45268.95923677378": 66,
    "45313.59323503915": 67,
    "45353.35212489168": 68,
    "45358.73200346934": 69,
    "45360.893321769545": 70,
    "45472.198612315966": 71,